{
  "navigationBarTitleText": "北京大兴机场",
  "navigationBarBackgroundColor": "#ffffff",
  "navigationBarTextStyle": "black",
  "disableScroll":true,
  "usingComponents": {
      "goods": "../../components/homeGoods/homeGoods",
      "searchBox":"../../components/searchBox/searchBox",
      "settleAccounts":"../../components/settleAccounts/settleAccounts",
      "search":"../../components/search/search",
      "empty":"../../components/empty/empty",
      "tarBar":"../../components/tarBar/tarBar"
  }
}