{
  "navigationBarTitleText": "购物车",
  "navigationBarBackgroundColor": "#ffffff",
  "navigationBarTextStyle": "black",
  "disableScroll":true,
  "usingComponents": {
    "settleAccounts":"../../components/settleAccounts/settleAccounts",
    "cartHead":"../../components/cartHead/cartHead",
    "cartGoods":"../../components/cartGoods/cartGoods",
    "orderNumber":"../../components/orderNumber/orderNumber",
    "empty":"../../components/empty/empty", 
    "tarBar":"../../components/tarBar/tarBar"
  }
}